StudentID,Name,Grade,Age,GPA
S9001,Morgan Smith,9,18,2.11
S9002,Quinn Miller,9,16,3.5
S9003,Kai Garcia,9,14,3.25
S9004,Taylor Miller,9,16,3.72
S9005,Dakota Garcia,9,15,3.14
S9006,Jamie Moore,9,15,2.12
S9007,Casey Brown,9,16,2.84
S9008,Quinn Johnson,9,15,3.98
S9009,Quinn Hernandez,9,18,2.71
S9010,Casey Jackson,9,16,3.35
S9011,Harper Hernandez,9,18,3.69
S9012,Morgan Jackson,9,16,3.9
S9013,Dakota Jackson,9,18,3.64
S9014,Peyton Jackson,9,18,3.86
S9015,Alex Garcia,9,14,2.06
S9016,Jamie Jackson,9,18,3.79
S9017,Jamie Jackson,9,17,2.18
S9018,Rowan Garcia,9,15,3.22
S9019,Morgan Hernandez,9,15,3.28
S9020,Peyton Garcia,9,17,3.93
S9021,Taylor White,9,15,2.41
S9022,Chris Johnson,9,18,3.96
S9023,Harper Martin,9,15,2.12
S9024,Skyler White,9,15,2.51
S9025,Rowan Jackson,9,14,3.2
S9026,Casey Anderson,9,17,3.76
S9027,Morgan Thompson,9,17,3.55
S9028,Dakota Thompson,9,14,3.38
S9029,Drew Jackson,9,18,3.66
S9030,Quinn Jones,9,14,3.91
S9031,Drew Thompson,9,17,3.25
S9032,Riley Anderson,9,17,2.35
S9033,Riley Taylor,9,18,3.68
S9034,Rowan Johnson,9,15,2.41
S9035,Taylor Hernandez,9,17,3.3
S9036,Reese Brown,9,15,3.51
S9037,Harper Hernandez,9,17,2.39
S9038,Sam Williams,9,14,2.25
S9039,Casey Williams,9,17,2.66
S9040,Riley White,9,16,3.12
S9041,Alex Wilson,9,18,3.43
S9042,Reese Garcia,9,17,3.67
S9043,Taylor Thomas,9,16,2.69
S9044,Sam Martinez,9,16,2.4
S9045,Jamie Garcia,9,18,3.75
S9046,Morgan Jones,9,17,3.31
S9047,Taylor Brown,9,16,2.43
S9048,Quinn Thompson,9,17,2.94
S9049,Casey Anderson,9,16,2.22
S9050,Riley Rodriguez,9,15,3.6
S9051,Peyton Taylor,9,18,2.02
S9052,Sam Hernandez,9,14,2.27
S9053,Quinn Thomas,9,16,2.04
S9054,Avery Jones,9,16,3.87
S9055,Taylor Taylor,9,17,2.52
S9056,Alex Thompson,9,14,2.38
S9057,Jordan Moore,9,17,3.39
S9058,Kai Martinez,9,16,3.2
S9059,Peyton Smith,9,15,2.8
S9060,Alex White,9,15,2.15
S9061,Rowan Thompson,9,18,2.36
S9062,Riley Thompson,9,15,2.32
S9063,Peyton Hernandez,9,18,3.49
S9064,Skyler Johnson,9,17,2.93
S9065,Peyton Wilson,9,16,2.92
S9066,Taylor Martin,9,17,2.31
S9067,Skyler Brown,9,18,2.75
S9068,Alex Smith,9,18,3.42
S9069,Rowan Wilson,9,14,3.28
S9070,Riley Wilson,9,16,3.23
S9071,Riley Wilson,9,16,3.58
S9072,Jordan Martin,9,14,3.62
S9073,Jamie Martinez,9,16,3.03
S9074,Avery Martinez,9,14,3.74
S9075,Sam Anderson,9,15,3.85
S9076,Riley Williams,9,18,2.58
S9077,Harper Rodriguez,9,18,3.6
S9078,Jordan Smith,9,16,3.46
S9079,Reese Miller,9,16,3.96
S9080,Kai Johnson,9,14,3.58
S9081,Harper White,9,17,3.18
S9082,Harper Wilson,9,18,3.94
S9083,Taylor Davis,9,15,3.14
S9084,Skyler Martin,9,17,2.86
S9085,Drew Garcia,9,18,2.39
S9086,Casey Davis,9,15,3.03
S9087,Avery Thompson,9,17,3.95
S9088,Jordan Anderson,9,16,3.05
S9089,Peyton Thomas,9,17,3.18
S9090,Riley Martin,9,15,3.58
S9091,Jordan Moore,9,15,2.72
S9092,Drew Rodriguez,9,16,2.04
S9093,Casey Taylor,9,18,3.55
S9094,Jamie White,9,16,3.55
S9095,Dakota Martin,9,16,2.69
S9096,Kai Miller,9,15,2.28
S9097,Chris Johnson,9,14,2.59
S9098,Skyler Martin,9,16,3.54
S9099,Cameron Williams,9,17,2.72
S9100,Peyton Smith,9,18,3.86
S9101,Taylor Martin,9,15,2.28
S9102,Reese Brown,9,16,2.14
S9103,Harper Jackson,9,17,3.52
S9104,Quinn Martinez,9,16,2.97
S9105,Skyler Anderson,9,17,3.37
S9106,Dakota White,9,16,3.51
S9107,Jamie Rodriguez,9,16,2.08
S9108,Peyton Wilson,9,18,2.88
S9109,Taylor Johnson,9,17,3.12
S9110,Taylor Martinez,9,17,2.48
S9111,Drew Wilson,9,18,3.94
S9112,Harper Martin,9,17,3.62
S9113,Reese Rodriguez,9,14,2.75
S9114,Quinn Anderson,9,14,2.31
S9115,Reese Jackson,9,15,2.22
S9116,Morgan Johnson,9,16,2.01
S9117,Alex Smith,9,17,2.27
S9118,Chris Anderson,9,17,2.17
S9119,Riley Moore,9,16,2.44
S9120,Chris Garcia,9,15,2.71
S9121,Alex Miller,9,18,2.88
S9122,Taylor Williams,9,16,3.11
S9123,Taylor Moore,9,14,2.81
S9124,Peyton Davis,9,17,2.82
S9125,Sam Williams,9,17,3.13
S9126,Chris Williams,9,18,3.86
S9127,Reese Davis,9,14,2.46
S9128,Riley Smith,9,15,2.1
S9129,Skyler Wilson,9,15,3.42
S9130,Reese Moore,9,17,3.79
S9131,Morgan White,9,15,2.05
S9132,Reese Martinez,9,14,3.44
S9133,Cameron Williams,9,14,2.93
S9134,Quinn Wilson,9,14,3.26
S9135,Jamie Jackson,9,17,3.23
S9136,Riley White,9,14,3.88
S9137,Cameron Hernandez,9,17,3.24
S9138,Dakota Jackson,9,18,2.99
S9139,Dakota Smith,9,14,2.18
S9140,Sam Jones,9,15,2.53
S9141,Morgan Smith,9,15,2.21
S9142,Chris Taylor,9,14,2.06
S9143,Casey Wilson,9,14,2.54
S9144,Riley Garcia,9,16,2.88
S9145,Cameron Anderson,9,15,3.66
S9146,Riley Jackson,9,14,2.88
S9147,Harper Johnson,9,18,2.03
S9148,Harper Smith,9,17,2.8
S9149,Harper Rodriguez,9,14,2.27
S9150,Reese Martin,9,15,3.55
S9151,Peyton Jackson,9,16,2.74
S9152,Jordan Anderson,9,16,2.53
S9153,Jordan Rodriguez,9,15,3.13
S9154,Casey Johnson,9,18,3.84
S9155,Quinn Jackson,9,18,3.66
S9156,Chris Thomas,9,15,2.96
S9157,Dakota Wilson,9,14,2.65
S9158,Peyton Wilson,9,16,3.32
S9159,Riley Williams,9,18,3.37
S9160,Alex Martin,9,15,3.38
S9161,Cameron White,9,17,3.37
S9162,Taylor Moore,9,18,3.47
S9163,Morgan Williams,9,18,3.25
S9164,Skyler Garcia,9,16,3.24
S9165,Alex Jones,9,16,2.75
S9166,Reese Thomas,9,18,3.53
S9167,Avery Anderson,9,18,2.81
S9168,Cameron Davis,9,15,3.23
S9169,Alex Garcia,9,15,2.6
S9170,Casey Moore,9,15,3.39
S9171,Peyton Taylor,9,14,2.59
S9172,Jordan Jones,9,18,2.84
S9173,Riley Thomas,9,15,2.93
S9174,Taylor Taylor,9,17,3.12
S9175,Kai Moore,9,14,3.02
S9176,Alex Rodriguez,9,18,3.59
S9177,Dakota Hernandez,9,15,2.22
S9178,Rowan Moore,9,15,3.87
S9179,Rowan Wilson,9,16,3.78
S9180,Casey Brown,9,17,2.25
S9181,Rowan Miller,9,18,3.48
S9182,Alex Anderson,9,18,2.32
S9183,Sam Smith,9,17,3.91
S9184,Rowan Martinez,9,17,3.84
S9185,Chris Miller,9,15,3.46
S9186,Jordan Jones,9,18,3.01
S9187,Riley Garcia,9,18,2.71
S9188,Cameron Johnson,9,17,2.03
S9189,Avery Davis,9,15,3.53
S9190,Skyler Hernandez,9,17,2.45
S9191,Morgan Rodriguez,9,15,3.68
S9192,Cameron Miller,9,18,3.57
S9193,Avery Anderson,9,14,2.49
S9194,Casey Wilson,9,17,3.89
S9195,Skyler Thompson,9,16,2.04
S9196,Sam Brown,9,16,3.61
S9197,Sam Miller,9,15,2.86
S9198,Rowan Martinez,9,16,2.01
S9199,Taylor Martin,9,15,2.05
S9200,Casey Taylor,9,17,2.4
S9201,Harper Martinez,9,17,2.19
S9202,Peyton Anderson,9,17,3.74
S9203,Chris Johnson,9,18,2.82
S9204,Morgan Thompson,9,15,2.93
S9205,Chris Miller,9,14,2.07
S9206,Reese White,9,15,2.38
S9207,Quinn Garcia,9,16,3.53
S9208,Harper Taylor,9,16,3.06
S9209,Drew Jackson,9,15,2.97
S9210,Jordan Miller,9,15,2.59
S9211,Alex Williams,9,16,2.88
S9212,Jamie Miller,9,14,2.61
S9213,Taylor Taylor,9,15,2.53
S9214,Jordan Moore,9,15,2.94
S9215,Taylor Johnson,9,14,3.34
S9216,Drew Thomas,9,16,3.76
S9217,Rowan Wilson,9,14,3.38
S9218,Morgan Johnson,9,18,3.04
S9219,Sam Anderson,9,15,3.48
S9220,Taylor Martin,9,15,2.02
S9221,Dakota Rodriguez,9,16,2.81
S9222,Skyler Martinez,9,17,3.71
S9223,Sam Martinez,9,14,2.31
S9224,Alex Williams,9,18,2.3
S9225,Quinn Brown,9,17,2.42
S9226,Rowan Wilson,9,14,2.82
S9227,Kai Miller,9,15,2.43
S9228,Alex Martinez,9,17,2.11
S9229,Skyler Moore,9,16,2.65
S9230,Dakota Smith,9,17,3.79
S9231,Reese Jackson,9,15,2.3
S9232,Quinn Miller,9,17,2.97
S9233,Harper Anderson,9,16,3.11
S9234,Alex Martin,9,18,4.0
S9235,Alex Rodriguez,9,18,3.71
S9236,Alex Moore,9,16,3.43
S9237,Jamie Garcia,9,15,3.67
S9238,Reese Martinez,9,16,3.87
S9239,Chris Smith,9,17,3.36
S9240,Alex Thompson,9,14,3.34
S9241,Dakota Martinez,9,14,2.82
S9242,Jamie Jones,9,16,2.2
S9243,Chris White,9,17,3.43
S9244,Chris Taylor,9,15,2.35
S9245,Jamie Jones,9,16,2.07
S9246,Quinn Thompson,9,17,3.15
S9247,Dakota Johnson,9,18,2.29
S9248,Casey Rodriguez,9,16,3.91
S9249,Rowan Thompson,9,15,3.01
S9250,Sam Jackson,9,15,3.67
S10001,Drew Brown,10,18,2.16
S10002,Riley Wilson,10,16,2.89
S10003,Harper Davis,10,18,3.98
S10004,Morgan Jones,10,17,3.25
S10005,Chris Brown,10,18,2.23
S10006,Jamie White,10,18,2.53
S10007,Chris Jackson,10,14,2.48
S10008,Harper Davis,10,15,3.4
S10009,Reese Wilson,10,14,2.47
S10010,Morgan Taylor,10,18,2.03
S10011,Alex Thomas,10,15,2.03
S10012,Cameron Johnson,10,17,2.57
S10013,Dakota Williams,10,14,3.29
S10014,Jordan Smith,10,14,2.69
S10015,Cameron Garcia,10,17,3.35
S10016,Jordan Smith,10,16,3.69
S10017,Casey Miller,10,14,3.51
S10018,Cameron Hernandez,10,16,2.12
S10019,Jamie Thomas,10,14,2.99
S10020,Chris Miller,10,18,3.92
S10021,Skyler Anderson,10,17,2.35
S10022,Avery Hernandez,10,14,2.78
S10023,Rowan Thomas,10,15,3.95
S10024,Kai Martin,10,15,2.39
S10025,Alex Anderson,10,14,2.26
S10026,Quinn Brown,10,17,2.63
S10027,Jordan Moore,10,16,2.14
S10028,Sam Smith,10,15,2.34
S10029,Quinn Smith,10,15,3.31
S10030,Quinn Brown,10,18,2.23
S10031,Quinn Jones,10,15,2.19
S10032,Chris Williams,10,18,3.98
S10033,Cameron Taylor,10,14,3.23
S10034,Skyler Hernandez,10,18,3.3
S10035,Quinn White,10,14,2.36
S10036,Morgan Wilson,10,16,2.08
S10037,Rowan Brown,10,17,3.72
S10038,Avery Martin,10,17,3.46
S10039,Morgan Williams,10,17,3.67
S10040,Drew Rodriguez,10,15,2.62
S10041,Chris Williams,10,16,3.54
S10042,Harper Hernandez,10,18,3.03
S10043,Chris Davis,10,14,3.57
S10044,Reese Thomas,10,15,2.28
S10045,Sam Garcia,10,17,2.76
S10046,Chris Miller,10,15,3.63
S10047,Skyler Davis,10,17,3.12
S10048,Kai Brown,10,17,3.93
S10049,Reese Rodriguez,10,14,3.87
S10050,Cameron Smith,10,17,3.16
S10051,Riley Hernandez,10,15,2.35
S10052,Jordan Miller,10,14,3.51
S10053,Chris Taylor,10,15,3.87
S10054,Harper Davis,10,18,3.92
S10055,Kai Jones,10,15,3.76
S10056,Jordan Davis,10,16,2.85
S10057,Cameron Moore,10,17,3.3
S10058,Drew Garcia,10,15,3.38
S10059,Cameron Rodriguez,10,16,2.81
S10060,Peyton Thomas,10,14,2.9
S10061,Jordan Jackson,10,16,2.75
S10062,Avery Johnson,10,18,2.37
S10063,Riley Hernandez,10,18,2.99
S10064,Kai Williams,10,14,2.15
S10065,Avery Jackson,10,14,2.19
S10066,Alex Taylor,10,17,2.17
S10067,Sam Thompson,10,18,2.94
S10068,Skyler Martinez,10,14,3.9
S10069,Taylor Martinez,10,16,3.29
S10070,Sam Jackson,10,15,2.32
S10071,Peyton Brown,10,18,2.61
S10072,Cameron Johnson,10,17,3.33
S10073,Sam Miller,10,17,2.34
S10074,Casey Martinez,10,15,3.02
S10075,Reese Miller,10,15,2.32
S10076,Reese Wilson,10,15,3.35
S10077,Riley Johnson,10,17,3.58
S10078,Skyler Thompson,10,17,3.67
S10079,Chris Garcia,10,16,2.88
S10080,Dakota Martin,10,18,3.34
S10081,Skyler Brown,10,14,3.14
S10082,Quinn Johnson,10,14,3.75
S10083,Harper Moore,10,17,3.31
S10084,Quinn Thompson,10,14,2.14
S10085,Dakota Jones,10,17,3.05
S10086,Morgan Moore,10,14,2.97
S10087,Sam Moore,10,16,3.81
S10088,Jamie Moore,10,18,3.3
S10089,Avery Williams,10,17,3.51
S10090,Rowan Davis,10,17,2.69
S10091,Cameron Smith,10,18,2.82
S10092,Taylor Garcia,10,15,2.55
S10093,Jamie Thomas,10,18,2.82
S10094,Avery Taylor,10,16,3.25
S10095,Rowan Wilson,10,17,2.05
S10096,Chris Brown,10,14,3.52
S10097,Morgan Martin,10,14,2.0
S10098,Chris Rodriguez,10,16,3.4
S10099,Reese Davis,10,18,3.89
S10100,Sam Jackson,10,17,2.1
S10101,Drew Jackson,10,15,3.38
S10102,Peyton Jackson,10,14,3.36
S10103,Casey Jackson,10,18,2.3
S10104,Dakota Smith,10,16,3.81
S10105,Kai Rodriguez,10,15,2.39
S10106,Riley Rodriguez,10,15,2.18
S10107,Riley Jones,10,14,3.16
S10108,Riley Hernandez,10,18,2.18
S10109,Kai Jones,10,16,2.59
S10110,Rowan Brown,10,16,3.35
S10111,Alex Jones,10,17,2.9
S10112,Taylor Hernandez,10,14,3.24
S10113,Casey Rodriguez,10,17,3.88
S10114,Kai Garcia,10,15,3.07
S10115,Quinn Davis,10,17,3.36
S10116,Morgan Davis,10,17,3.76
S10117,Harper Martinez,10,15,3.17
S10118,Skyler Martinez,10,17,2.6
S10119,Jordan White,10,16,3.9
S10120,Peyton Jones,10,14,3.73
S10121,Skyler Davis,10,16,3.36
S10122,Alex Moore,10,16,2.2
S10123,Rowan Thomas,10,17,2.62
S10124,Morgan Taylor,10,15,3.6
S10125,Sam Davis,10,15,2.56
S10126,Morgan Martin,10,15,3.78
S10127,Casey Smith,10,15,2.88
S10128,Skyler Hernandez,10,17,3.02
S10129,Reese Rodriguez,10,16,3.81
S10130,Jamie Rodriguez,10,14,2.36
S10131,Casey Wilson,10,15,3.69
S10132,Peyton Thomas,10,18,2.83
S10133,Peyton Thompson,10,15,3.32
S10134,Reese Brown,10,14,2.73
S10135,Sam Moore,10,16,3.51
S10136,Taylor Rodriguez,10,15,2.67
S10137,Kai Smith,10,17,3.87
S10138,Harper Johnson,10,18,2.3
S10139,Casey Smith,10,14,3.1
S10140,Taylor Brown,10,15,2.64
S10141,Jamie Davis,10,17,2.95
S10142,Reese Davis,10,18,2.61
S10143,Quinn Anderson,10,16,3.36
S10144,Sam Garcia,10,14,3.09
S10145,Rowan Garcia,10,15,2.01
S10146,Harper Johnson,10,15,2.9
S10147,Drew Davis,10,17,3.38
S10148,Jamie Smith,10,18,2.68
S10149,Harper Anderson,10,15,2.85
S10150,Drew Jackson,10,17,2.13
S10151,Alex Rodriguez,10,18,2.75
S10152,Riley Martin,10,17,3.85
S10153,Dakota Taylor,10,16,3.07
S10154,Taylor Taylor,10,18,3.42
S10155,Sam Thompson,10,14,3.98
S10156,Peyton Hernandez,10,17,3.0
S10157,Jordan Thompson,10,17,3.64
S10158,Chris White,10,16,3.89
S10159,Riley Hernandez,10,15,2.78
S10160,Casey Wilson,10,14,2.92
S10161,Alex Williams,10,14,3.18
S10162,Morgan Rodriguez,10,18,3.63
S10163,Casey Garcia,10,15,3.3
S10164,Riley Thomas,10,17,3.93
S10165,Morgan Davis,10,16,3.96
S10166,Reese Jackson,10,14,2.85
S10167,Alex Martinez,10,17,3.84
S10168,Jordan Hernandez,10,18,2.89
S10169,Drew Moore,10,17,3.05
S10170,Dakota Thompson,10,15,3.93
S10171,Sam Thompson,10,16,2.33
S10172,Cameron Taylor,10,14,2.23
S10173,Avery Taylor,10,17,2.39
S10174,Riley Williams,10,18,2.55
S10175,Taylor Garcia,10,17,2.01
S10176,Jordan Williams,10,15,2.56
S10177,Reese Jackson,10,18,2.79
S10178,Dakota Rodriguez,10,18,3.14
S10179,Chris Taylor,10,16,3.03
S10180,Rowan Jones,10,15,2.25
S10181,Quinn Jackson,10,15,3.4
S10182,Alex Martin,10,17,3.59
S10183,Jamie Rodriguez,10,16,2.01
S10184,Jordan Thompson,10,16,2.35
S10185,Dakota Taylor,10,16,2.86
S10186,Cameron Rodriguez,10,16,2.26
S10187,Taylor Hernandez,10,15,3.97
S10188,Peyton Williams,10,18,3.74
S10189,Sam Williams,10,17,3.42
S10190,Rowan Jones,10,16,2.34
S10191,Jamie Brown,10,18,3.61
S10192,Chris Davis,10,15,3.51
S10193,Chris Thompson,10,16,3.32
S10194,Riley Martin,10,17,3.58
S10195,Harper Johnson,10,17,3.52
S10196,Taylor White,10,18,2.54
S10197,Cameron Wilson,10,17,3.22
S10198,Casey Johnson,10,17,2.78
S10199,Alex Williams,10,14,3.16
S10200,Kai Thomas,10,15,3.58
S10201,Harper Johnson,10,14,2.38
S10202,Reese Rodriguez,10,17,2.73
S10203,Jamie Thompson,10,15,3.9
S10204,Reese Moore,10,17,2.99
S10205,Alex Brown,10,14,2.06
S10206,Sam Smith,10,14,3.96
S10207,Taylor Williams,10,14,2.06
S10208,Reese Thomas,10,17,2.55
S10209,Sam Martinez,10,16,3.27
S10210,Harper Johnson,10,16,2.93
S10211,Harper Thompson,10,17,2.73
S10212,Alex Williams,10,15,3.59
S10213,Kai Davis,10,14,3.92
S10214,Drew Moore,10,17,3.01
S10215,Kai Thomas,10,17,2.64
S10216,Dakota Taylor,10,15,3.0
S10217,Jordan Jones,10,15,2.04
S10218,Riley Anderson,10,17,3.57
S10219,Reese Johnson,10,15,2.68
S10220,Harper Thomas,10,18,2.31
S10221,Reese Wilson,10,17,2.7
S10222,Riley Martinez,10,18,2.45
S10223,Jordan Smith,10,18,3.13
S10224,Casey Jackson,10,16,3.76
S10225,Peyton Garcia,10,16,3.51
S10226,Drew Rodriguez,10,18,3.63
S10227,Reese White,10,17,2.4
S10228,Jordan Wilson,10,15,3.63
S10229,Drew Johnson,10,16,2.12
S10230,Kai Hernandez,10,18,2.61
S10231,Alex Hernandez,10,15,3.15
S10232,Chris Taylor,10,17,3.99
S10233,Alex Jones,10,15,3.38
S10234,Harper Miller,10,16,2.81
S10235,Peyton Martin,10,18,2.23
S10236,Skyler Wilson,10,17,3.0
S10237,Reese Smith,10,18,2.64
S10238,Peyton Johnson,10,17,2.87
S10239,Rowan Smith,10,18,2.7
S10240,Peyton Jones,10,15,2.15
S10241,Drew Miller,10,15,2.8
S10242,Jamie Martinez,10,14,3.66
S10243,Cameron Miller,10,16,2.96
S10244,Kai Davis,10,17,3.39
S10245,Alex Rodriguez,10,17,2.29
S10246,Riley Johnson,10,14,2.55
S10247,Taylor Rodriguez,10,14,3.26
S10248,Chris Martinez,10,14,2.22
S10249,Riley Smith,10,14,2.12
S10250,Reese Davis,10,14,2.11
S11001,Cameron Johnson,11,15,2.57
S11002,Avery Miller,11,17,2.88
S11003,Drew Thomas,11,15,3.92
S11004,Riley Jackson,11,14,3.14
S11005,Harper Brown,11,15,3.41
S11006,Rowan Anderson,11,16,3.63
S11007,Morgan Davis,11,17,3.27
S11008,Sam Thompson,11,14,3.16
S11009,Drew Rodriguez,11,14,2.8
S11010,Casey Martinez,11,15,3.1
S11011,Reese Thomas,11,14,3.84
S11012,Kai Jackson,11,16,3.03
S11013,Harper Hernandez,11,16,3.64
S11014,Harper Martinez,11,18,3.21
S11015,Peyton Martin,11,16,2.17
S11016,Kai Jones,11,16,3.45
S11017,Jamie Rodriguez,11,15,2.37
S11018,Jordan Martin,11,14,2.35
S11019,Rowan Moore,11,15,2.74
S11020,Morgan Martinez,11,15,3.54
S11021,Chris Thomas,11,15,3.1
S11022,Jordan Smith,11,16,3.0
S11023,Riley Johnson,11,18,3.51
S11024,Jordan Johnson,11,15,3.65
S11025,Kai Jones,11,17,2.28
S11026,Peyton Moore,11,16,2.46
S11027,Skyler Garcia,11,14,2.25
S11028,Taylor Smith,11,15,3.14
S11029,Rowan Smith,11,15,3.72
S11030,Alex Martin,11,15,3.8
S11031,Skyler Anderson,11,14,3.13
S11032,Harper Williams,11,17,2.99
S11033,Alex Smith,11,18,2.06
S11034,Chris Martin,11,14,3.78
S11035,Morgan Martinez,11,17,3.15
S11036,Avery Wilson,11,14,3.9
S11037,Alex Jackson,11,15,2.9
S11038,Kai Moore,11,18,2.52
S11039,Jordan Miller,11,15,3.72
S11040,Sam Wilson,11,17,2.65
S11041,Skyler Thomas,11,15,3.52
S11042,Skyler Miller,11,17,2.89
S11043,Taylor Hernandez,11,15,2.88
S11044,Alex Moore,11,14,3.96
S11045,Alex Moore,11,14,3.3
S11046,Dakota Rodriguez,11,16,3.72
S11047,Reese Brown,11,18,2.57
S11048,Peyton Hernandez,11,18,3.53
S11049,Jordan Thomas,11,15,3.22
S11050,Jordan Smith,11,18,3.42
S11051,Quinn Anderson,11,18,3.97
S11052,Riley Smith,11,15,3.89
S11053,Dakota Thompson,11,14,3.39
S11054,Skyler Miller,11,15,2.4
S11055,Chris Jones,11,15,2.25
S11056,Cameron Davis,11,15,3.58
S11057,Reese Thompson,11,15,3.19
S11058,Drew Smith,11,15,2.06
S11059,Harper Hernandez,11,14,2.33
S11060,Sam Davis,11,15,3.81
S11061,Harper Jackson,11,14,2.5
S11062,Kai Brown,11,17,2.69
S11063,Riley Smith,11,17,3.48
S11064,Morgan Jackson,11,18,2.27
S11065,Harper Martin,11,18,3.86
S11066,Chris Thomas,11,15,3.38
S11067,Casey Martin,11,15,2.45
S11068,Reese Taylor,11,14,3.01
S11069,Dakota Moore,11,14,3.65
S11070,Skyler Taylor,11,17,3.81
S11071,Morgan Wilson,11,15,3.17
S11072,Harper Johnson,11,18,3.75
S11073,Avery Miller,11,16,3.96
S11074,Avery Wilson,11,14,3.59
S11075,Rowan Jackson,11,15,2.7
S11076,Sam Martin,11,15,3.05
S11077,Casey Martin,11,14,2.17
S11078,Dakota Smith,11,14,3.88
S11079,Reese Taylor,11,16,3.77
S11080,Avery Thompson,11,15,2.9
S11081,Harper Martinez,11,18,2.16
S11082,Casey Martinez,11,17,3.92
S11083,Cameron White,11,18,2.47
S11084,Dakota Garcia,11,17,2.16
S11085,Chris Wilson,11,16,3.57
S11086,Alex Wilson,11,18,3.48
S11087,Quinn Martinez,11,16,2.79
S11088,Jamie Anderson,11,15,2.08
S11089,Kai Davis,11,16,2.33
S11090,Rowan Anderson,11,18,2.06
S11091,Avery Thomas,11,18,3.76
S11092,Drew Rodriguez,11,15,2.28
S11093,Cameron Wilson,11,15,2.78
S11094,Chris Rodriguez,11,16,3.85
S11095,Drew Smith,11,18,2.77
S11096,Taylor Brown,11,17,3.73
S11097,Chris Wilson,11,14,2.43
S11098,Chris Moore,11,14,3.56
S11099,Drew Johnson,11,17,3.3
S11100,Rowan Taylor,11,15,3.76
S11101,Reese Hernandez,11,14,3.09
S11102,Cameron Miller,11,16,3.83
S11103,Reese Anderson,11,15,2.66
S11104,Harper Rodriguez,11,18,2.26
S11105,Quinn Thomas,11,17,3.11
S11106,Jordan Davis,11,16,3.43
S11107,Riley Rodriguez,11,16,3.81
S11108,Sam Taylor,11,17,3.38
S11109,Harper Miller,11,18,3.4
S11110,Taylor Taylor,11,15,2.93
S11111,Casey Brown,11,18,2.79
S11112,Casey Jackson,11,17,2.1
S11113,Chris Smith,11,16,3.33
S11114,Jordan Miller,11,16,2.66
S11115,Casey Thomas,11,18,2.71
S11116,Casey Davis,11,18,2.11
S11117,Kai Anderson,11,18,3.46
S11118,Harper Martin,11,18,2.7
S11119,Drew Thompson,11,14,2.6
S11120,Harper Martinez,11,16,3.28
S11121,Dakota Rodriguez,11,18,3.12
S11122,Avery Miller,11,18,3.1
S11123,Rowan Garcia,11,18,2.29
S11124,Kai Jackson,11,15,3.09
S11125,Avery Smith,11,18,3.97
S11126,Riley Taylor,11,15,2.06
S11127,Drew Wilson,11,16,3.99
S11128,Sam Taylor,11,18,2.62
S11129,Peyton Johnson,11,16,2.62
S11130,Jamie Martin,11,15,2.65
S11131,Peyton Rodriguez,11,18,2.86
S11132,Morgan Thomas,11,16,2.76
S11133,Quinn Jones,11,16,2.62
S11134,Peyton Jones,11,15,2.48
S11135,Jamie White,11,14,3.44
S11136,Avery Miller,11,14,2.94
S11137,Dakota Smith,11,18,2.87
S11138,Harper White,11,17,2.69
S11139,Avery Jones,11,16,3.17
S11140,Taylor Garcia,11,17,2.13
S11141,Alex Miller,11,15,3.67
S11142,Skyler Hernandez,11,17,3.23
S11143,Rowan Davis,11,14,2.3
S11144,Skyler Williams,11,17,2.95
S11145,Quinn Smith,11,18,2.07
S11146,Morgan Jones,11,16,3.92
S11147,Jamie Taylor,11,15,2.77
S11148,Avery Thompson,11,15,3.7
S11149,Kai Anderson,11,14,3.7
S11150,Morgan Wilson,11,15,3.3
S11151,Jordan Wilson,11,17,3.54
S11152,Casey Jones,11,17,2.86
S11153,Avery Miller,11,15,3.01
S11154,Chris Hernandez,11,14,3.66
S11155,Morgan Smith,11,16,3.71
S11156,Taylor Johnson,11,14,2.86
S11157,Drew Brown,11,18,2.8
S11158,Jordan Wilson,11,14,2.29
S11159,Rowan Garcia,11,16,2.67
S11160,Jordan Garcia,11,16,3.9
S11161,Kai Williams,11,17,2.25
S11162,Quinn Anderson,11,18,2.58
S11163,Taylor Moore,11,14,3.26
S11164,Alex Smith,11,15,3.49
S11165,Casey Martin,11,15,2.51
S11166,Jordan Hernandez,11,14,2.41
S11167,Rowan Garcia,11,18,2.12
S11168,Reese Taylor,11,17,2.85
S11169,Taylor Davis,11,16,3.95
S11170,Peyton Davis,11,18,3.05
S11171,Jordan Anderson,11,18,3.73
S11172,Dakota Martinez,11,15,3.37
S11173,Quinn Taylor,11,17,3.66
S11174,Kai Martin,11,18,3.08
S11175,Riley Wilson,11,14,2.62
S11176,Taylor Brown,11,14,2.35
S11177,Harper Rodriguez,11,17,2.15
S11178,Alex Johnson,11,14,3.34
S11179,Casey Anderson,11,16,2.1
S11180,Rowan Rodriguez,11,17,3.49
S11181,Riley Smith,11,18,3.43
S11182,Peyton Jackson,11,16,3.82
S11183,Chris Martinez,11,15,2.0
S11184,Taylor Thomas,11,15,3.87
S11185,Taylor Rodriguez,11,14,3.98
S11186,Dakota Garcia,11,18,3.99
S11187,Peyton Rodriguez,11,18,3.89
S11188,Jordan Johnson,11,14,3.22
S11189,Reese Taylor,11,16,3.49
S11190,Alex Garcia,11,14,2.88
S11191,Taylor Taylor,11,17,2.4
S11192,Kai Thomas,11,15,3.38
S11193,Taylor Wilson,11,16,3.47
S11194,Peyton Moore,11,16,2.82
S11195,Harper Anderson,11,14,2.37
S11196,Sam Davis,11,18,3.19
S11197,Taylor Smith,11,16,2.56
S11198,Dakota Thompson,11,15,3.56
S11199,Rowan Rodriguez,11,15,2.16
S11200,Alex Wilson,11,17,3.95
S11201,Casey Brown,11,17,3.79
S11202,Avery Hernandez,11,16,2.46
S11203,Avery Thomas,11,16,2.56
S11204,Avery Wilson,11,16,2.22
S11205,Jamie Wilson,11,16,3.91
S11206,Alex Jones,11,17,3.05
S11207,Alex Martin,11,16,2.17
S11208,Harper Johnson,11,15,3.58
S11209,Sam Martin,11,18,3.16
S11210,Cameron Moore,11,17,3.12
S11211,Harper Miller,11,18,2.91
S11212,Rowan Martinez,11,18,2.72
S11213,Sam Jackson,11,15,3.62
S11214,Dakota White,11,17,3.09
S11215,Dakota Jackson,11,15,2.06
S11216,Dakota Brown,11,15,2.04
S11217,Quinn Moore,11,15,3.39
S11218,Avery Williams,11,18,3.25
S11219,Reese Jackson,11,17,2.04
S11220,Drew Jones,11,18,3.59
S11221,Sam Rodriguez,11,18,2.37
S11222,Rowan Wilson,11,15,2.2
S11223,Skyler Jackson,11,15,2.2
S11224,Taylor Jackson,11,14,2.47
S11225,Harper Smith,11,18,3.93
S11226,Sam Williams,11,17,2.13
S11227,Reese Garcia,11,14,2.23
S11228,Quinn Thomas,11,17,3.32
S11229,Taylor Anderson,11,17,3.34
S11230,Peyton Davis,11,17,2.39
S11231,Chris Davis,11,15,3.96
S11232,Skyler Moore,11,18,2.12
S11233,Alex Jackson,11,18,2.22
S11234,Peyton Smith,11,14,3.67
S11235,Casey Johnson,11,14,2.65
S11236,Quinn Moore,11,15,3.39
S11237,Alex Moore,11,14,3.13
S11238,Riley Jackson,11,15,3.51
S11239,Rowan Johnson,11,16,2.47
S11240,Taylor Martin,11,14,2.54
S11241,Harper Hernandez,11,16,3.71
S11242,Reese Thompson,11,16,3.59
S11243,Dakota Williams,11,16,2.49
S11244,Peyton Smith,11,15,3.98
S11245,Morgan Martinez,11,14,3.59
S11246,Morgan Davis,11,18,3.05
S11247,Casey Jackson,11,15,3.11
S11248,Peyton Jackson,11,14,2.03
S11249,Chris Williams,11,16,3.65
S11250,Skyler Martinez,11,15,2.56
S12001,Chris Hernandez,12,15,3.96
S12002,Skyler Martinez,12,15,2.65
S12003,Drew Anderson,12,16,2.12
S12004,Drew Johnson,12,17,3.08
S12005,Harper Jackson,12,15,2.79
S12006,Skyler Anderson,12,14,3.3
S12007,Jamie Brown,12,15,2.31
S12008,Taylor Thomas,12,16,2.39
S12009,Kai Jackson,12,18,3.0
S12010,Dakota Martin,12,15,2.21
S12011,Peyton Williams,12,14,2.3
S12012,Alex Wilson,12,14,2.82
S12013,Avery Thompson,12,17,2.66
S12014,Casey Rodriguez,12,15,4.0
S12015,Skyler Miller,12,15,3.51
S12016,Casey Taylor,12,15,3.31
S12017,Chris Anderson,12,14,3.97
S12018,Peyton Williams,12,15,2.54
S12019,Casey Hernandez,12,16,2.31
S12020,Jordan Johnson,12,17,2.54
S12021,Casey Brown,12,17,2.22
S12022,Quinn Wilson,12,16,2.83
S12023,Rowan Davis,12,18,3.74
S12024,Casey Thomas,12,17,3.5
S12025,Reese Jones,12,15,3.71
S12026,Dakota White,12,16,3.54
S12027,Morgan Miller,12,16,3.73
S12028,Jamie Davis,12,17,3.21
S12029,Sam Davis,12,18,2.67
S12030,Avery Johnson,12,17,3.76
S12031,Kai Wilson,12,16,2.72
S12032,Chris Brown,12,17,3.74
S12033,Drew Wilson,12,15,3.66
S12034,Rowan Brown,12,14,3.6
S12035,Drew Garcia,12,17,2.47
S12036,Avery Smith,12,17,3.42
S12037,Avery White,12,16,2.83
S12038,Cameron Rodriguez,12,18,2.55
S12039,Skyler Williams,12,18,2.58
S12040,Casey Anderson,12,18,3.36
S12041,Avery Brown,12,16,2.41
S12042,Taylor Moore,12,17,3.03
S12043,Reese Davis,12,14,2.59
S12044,Quinn Taylor,12,14,2.2
S12045,Harper Johnson,12,15,3.11
S12046,Jordan Davis,12,18,2.77
S12047,Avery Wilson,12,17,3.17
S12048,Avery Hernandez,12,15,2.81
S12049,Alex Jackson,12,16,2.5
S12050,Reese Jackson,12,14,3.95
S12051,Jamie Wilson,12,16,3.89
S12052,Taylor Jones,12,15,2.5
S12053,Taylor Garcia,12,15,2.2
S12054,Reese Brown,12,17,3.35
S12055,Avery Hernandez,12,17,3.5
S12056,Jordan Garcia,12,18,3.96
S12057,Taylor Wilson,12,16,3.16
S12058,Reese Anderson,12,15,3.37
S12059,Drew Martin,12,14,2.25
S12060,Cameron Jackson,12,18,2.45
S12061,Dakota Anderson,12,17,2.08
S12062,Chris Smith,12,15,3.62
S12063,Harper Thompson,12,16,3.99
S12064,Drew Davis,12,15,3.5
S12065,Jamie Martinez,12,14,2.05
S12066,Harper Thomas,12,15,2.75
S12067,Alex Martin,12,17,3.59
S12068,Quinn Thompson,12,16,2.75
S12069,Alex Garcia,12,14,3.78
S12070,Rowan Smith,12,18,3.28
S12071,Rowan Williams,12,16,2.82
S12072,Peyton Taylor,12,14,2.02
S12073,Reese Thomas,12,17,2.67
S12074,Peyton Brown,12,14,3.54
S12075,Sam Moore,12,18,2.23
S12076,Drew Rodriguez,12,16,2.19
S12077,Skyler Martinez,12,15,2.95
S12078,Skyler Jackson,12,17,2.2
S12079,Harper Martinez,12,17,3.0
S12080,Alex Miller,12,15,3.56
S12081,Avery Brown,12,14,3.37
S12082,Avery Jones,12,18,3.03
S12083,Jamie White,12,16,2.66
S12084,Sam White,12,18,2.67
S12085,Kai White,12,15,3.12
S12086,Taylor Anderson,12,15,3.66
S12087,Rowan Williams,12,16,2.84
S12088,Peyton Brown,12,17,3.92
S12089,Riley Davis,12,16,2.76
S12090,Dakota Davis,12,18,2.03
S12091,Quinn Williams,12,14,2.16
S12092,Riley Moore,12,14,2.86
S12093,Casey Wilson,12,17,2.61
S12094,Cameron Smith,12,14,2.69
S12095,Avery Thomas,12,17,3.32
S12096,Morgan White,12,16,3.78
S12097,Quinn Thomas,12,16,3.3
S12098,Riley Thomas,12,18,3.6
S12099,Taylor Brown,12,18,3.07
S12100,Harper Anderson,12,16,2.05
S12101,Avery Wilson,12,15,2.46
S12102,Dakota Garcia,12,15,2.16
S12103,Avery Rodriguez,12,18,2.21
S12104,Skyler Martinez,12,17,2.99
S12105,Avery Davis,12,16,2.33
S12106,Peyton Davis,12,17,3.4
S12107,Harper Smith,12,14,2.25
S12108,Cameron Martin,12,14,3.79
S12109,Rowan Moore,12,18,2.82
S12110,Drew Martinez,12,17,3.69
S12111,Reese Wilson,12,15,2.19
S12112,Quinn Garcia,12,15,2.38
S12113,Skyler Smith,12,17,3.48
S12114,Reese Thomas,12,16,2.19
S12115,Cameron Brown,12,18,3.23
S12116,Avery Williams,12,17,3.87
S12117,Alex Jones,12,17,3.56
S12118,Harper Miller,12,16,2.61
S12119,Alex Jackson,12,16,2.26
S12120,Skyler Martin,12,18,2.66
S12121,Dakota Thomas,12,16,3.34
S12122,Kai Martin,12,15,2.27
S12123,Cameron Garcia,12,15,3.33
S12124,Reese Smith,12,17,3.76
S12125,Dakota Smith,12,16,3.87
S12126,Quinn Taylor,12,17,2.67
S12127,Chris Garcia,12,16,3.55
S12128,Sam Davis,12,16,2.66
S12129,Rowan Jones,12,17,2.35
S12130,Casey Anderson,12,15,2.05
S12131,Alex Brown,12,18,2.09
S12132,Kai Wilson,12,17,3.08
S12133,Avery Taylor,12,17,3.37
S12134,Chris Jackson,12,16,2.86
S12135,Morgan Martin,12,18,2.35
S12136,Taylor Hernandez,12,16,3.72
S12137,Kai Taylor,12,17,2.1
S12138,Rowan Moore,12,14,3.79
S12139,Taylor Moore,12,18,2.62
S12140,Quinn Smith,12,14,2.7
S12141,Jordan White,12,17,3.3
S12142,Harper Anderson,12,18,2.64
S12143,Avery Williams,12,15,2.2
S12144,Reese Thomas,12,17,3.56
S12145,Cameron Anderson,12,15,3.66
S12146,Peyton Martin,12,14,2.36
S12147,Jamie Moore,12,16,3.55
S12148,Harper Miller,12,15,3.75
S12149,Casey Rodriguez,12,14,3.22
S12150,Cameron Thomas,12,16,2.04
S12151,Rowan White,12,14,2.49
S12152,Avery Wilson,12,17,2.49
S12153,Harper Davis,12,15,2.36
S12154,Reese Johnson,12,16,3.36
S12155,Drew Martinez,12,16,2.89
S12156,Harper Garcia,12,14,2.74
S12157,Cameron White,12,18,3.73
S12158,Morgan Hernandez,12,17,3.73
S12159,Sam Thomas,12,18,3.23
S12160,Peyton Hernandez,12,18,2.27
S12161,Casey Garcia,12,17,2.34
S12162,Casey Davis,12,17,2.1
S12163,Quinn White,12,18,2.41
S12164,Jordan Taylor,12,18,3.18
S12165,Sam Moore,12,18,3.47
S12166,Quinn Brown,12,14,3.8
S12167,Jordan Thompson,12,14,3.25
S12168,Sam Thomas,12,16,3.05
S12169,Jordan Jackson,12,14,3.18
S12170,Sam Hernandez,12,17,3.72
S12171,Rowan Martinez,12,17,3.7
S12172,Quinn Taylor,12,17,3.34
S12173,Peyton Williams,12,15,2.9
S12174,Kai Miller,12,14,3.68
S12175,Reese Jackson,12,15,3.65
S12176,Sam Taylor,12,17,3.92
S12177,Harper Martin,12,18,3.76
S12178,Sam White,12,14,2.72
S12179,Reese Martin,12,16,2.5
S12180,Avery Thomas,12,15,2.71
S12181,Taylor Williams,12,15,2.87
S12182,Sam White,12,16,3.05
S12183,Avery Hernandez,12,15,3.89
S12184,Jordan Garcia,12,15,3.41
S12185,Morgan Jackson,12,17,2.67
S12186,Jordan Brown,12,15,3.94
S12187,Skyler Williams,12,14,3.36
S12188,Dakota Hernandez,12,17,2.61
S12189,Morgan Brown,12,14,2.79
S12190,Jordan Hernandez,12,16,2.19
S12191,Casey Jones,12,15,3.55
S12192,Rowan Smith,12,15,3.07
S12193,Morgan Taylor,12,14,2.73
S12194,Dakota Miller,12,17,2.26
S12195,Alex Hernandez,12,14,2.48
S12196,Peyton Martin,12,17,2.79
S12197,Jordan Wilson,12,18,3.03
S12198,Quinn Brown,12,18,3.65
S12199,Casey Johnson,12,17,2.27
S12200,Alex White,12,14,3.08
S12201,Harper Garcia,12,15,3.0
S12202,Jordan Brown,12,17,3.07
S12203,Sam Johnson,12,16,2.33
S12204,Jordan Jones,12,17,3.59
S12205,Morgan Anderson,12,15,2.24
S12206,Kai Williams,12,15,3.14
S12207,Morgan Anderson,12,18,3.0
S12208,Cameron Williams,12,18,3.25
S12209,Peyton Thompson,12,15,2.66
S12210,Jamie Williams,12,18,3.47
S12211,Morgan Wilson,12,18,3.51
S12212,Sam Smith,12,18,3.86
S12213,Skyler Hernandez,12,18,2.98
S12214,Chris Taylor,12,15,3.53
S12215,Sam Martin,12,18,3.68
S12216,Rowan Taylor,12,16,2.71
S12217,Drew Thompson,12,16,3.92
S12218,Avery Smith,12,15,2.07
S12219,Riley Garcia,12,17,2.48
S12220,Rowan Wilson,12,14,3.68
S12221,Sam Moore,12,18,3.87
S12222,Jamie Thomas,12,14,3.6
S12223,Kai Williams,12,15,2.54
S12224,Skyler Anderson,12,14,3.97
S12225,Peyton Martin,12,17,2.28
S12226,Jamie Davis,12,16,2.66
S12227,Peyton Rodriguez,12,17,2.99
S12228,Peyton Taylor,12,18,2.27
S12229,Peyton Martinez,12,17,3.01
S12230,Sam Davis,12,16,3.89
S12231,Dakota Williams,12,15,2.75
S12232,Kai Taylor,12,16,2.24
S12233,Drew Martinez,12,18,2.02
S12234,Morgan Jones,12,18,3.53
S12235,Taylor Thompson,12,17,2.89
S12236,Morgan Miller,12,17,2.42
S12237,Chris White,12,16,3.48
S12238,Jordan Martin,12,15,3.1
S12239,Harper Smith,12,17,2.41
S12240,Drew Jackson,12,15,2.73
S12241,Riley Martinez,12,17,2.48
S12242,Cameron Thompson,12,17,2.87
S12243,Drew Davis,12,16,3.78
S12244,Alex Johnson,12,17,2.07
S12245,Kai Wilson,12,15,2.06
S12246,Reese Martinez,12,17,2.02
S12247,Sam Williams,12,14,2.37
S12248,Morgan Moore,12,15,2.37
S12249,Casey Smith,12,14,2.6
S12250,Alex Martinez,12,15,2.88
